{"schemaVersion":"1.0","appDefinitionTemplate":{"id":"/providers/Microsoft.PowerApps/apps/","type":"Microsoft.PowerApps/apps","tags":{"primaryDeviceWidth":"1366","primaryDeviceHeight":"768","supportsPortrait":"true","supportsLandscape":"true","primaryFormFactor":"Tablet","showStatusBar":"false","publisherVersion":"3.24023.14","minimumRequiredApiVersion":"2.2.0","hasComponent":"false","hasUnlockedComponent":"false","isUnifiedRootApp":"false","offlineLargeFilesSupport":"false","sienaVersion":"20240308T132427Z-3.24023.14.0"},"properties":{"appVersion":"2024-03-08T13:24:27Z","lifeCycleId":"Published","createdByClientVersion":{"major":3,"minor":24023,"build":14,"revision":0,"majorRevision":0,"minorRevision":0},"minClientVersion":{"major":3,"minor":24023,"build":14,"revision":0,"majorRevision":0,"minorRevision":0},"backgroundColor":"RGBA(0,176,240,1)","backgroundImageUri":"/8171747165817115085/N5ff95d33-038a-411e-a89a-efe2d9b7f443-logoSmallFile","displayName":"Pizza Ordering App","description":"","commitMessage":"","appUris":{"documentUri":{"value":"/8171747165817115085/N630fbf3b-73ae-41ed-91fb-77e3e7edfc54-document.msapp"},"imageUris":[],"additionalUris":[{"isSolutionAware":false,"value":"/8171747165817115085/N5737a6b9-6c63-4c18-9c54-01ea0a8ceaa1-identity.json"}]},"createdTime":"0001-01-01T00:00:00Z","lastModifiedTime":"0001-01-01T00:00:00Z","sharedGroupsCount":0,"sharedUsersCount":0,"connectionReferences":{},"databaseReferences":{},"almMode":"Solution","performanceOptimizationEnabled":true,"canConsumeAppPass":true,"enableModernRuntimeMode":false,"executionRestrictions":{"isTeamsOnly":false,"dataLossPreventionEvaluationResult":{"status":"Compliant","lastEvaluationDate":"2024-03-08T13:24:52.8544958Z","violations":[],"violationsByPolicy":[],"violationErrorMessage":"The app uses the following connectors: ."}}},"appType":"ClassicCanvasApp","appComponents":[]}}